arquivo_cafe;arquivo_folha;valor_agtron;luz;dispositivo;utilizar
25_1_iphone8_flash.png;iphone8_flash_1.png;25;flash;iPhone 8;true
25_2_iphone8_flash.png;iphone8_flash_2.png;25;flash;iPhone 8;true
25_3_iphone8_flash.png;iphone8_flash_3.png;25;flash;iPhone 8;true
35_1_iphone8_flash.png;iphone8_flash_1.png;35;flash;iPhone 8;true
35_2_iphone8_flash.png;iphone8_flash_2.png;35;flash;iPhone 8;true
35_3_iphone8_flash.png;iphone8_flash_3.png;35;flash;iPhone 8;true
45_1_iphone8_flash.png;iphone8_flash_1.png;45;flash;iPhone 8;true
45_2_iphone8_flash.png;iphone8_flash_2.png;45;flash;iPhone 8;true
45_3_iphone8_flash.png;iphone8_flash_3.png;45;flash;iPhone 8;true
55_1_iphone8_flash.png;iphone8_flash_1.png;55;flash;iPhone 8;true
55_2_iphone8_flash.png;iphone8_flash_2.png;55;flash;iPhone 8;true
55_3_iphone8_flash.png;iphone8_flash_3.png;55;flash;iPhone 8;true
65_1_iphone8_flash.png;iphone8_flash_1.png;65;flash;iPhone 8;true
65_2_iphone8_flash.png;iphone8_flash_2.png;65;flash;iPhone 8;true
65_3_iphone8_flash.png;iphone8_flash_3.png;65;flash;iPhone 8;true
75_1_iphone8_flash.png;iphone8_flash_1.png;75;flash;iPhone 8;true
75_2_iphone8_flash.png;iphone8_flash_2.png;75;flash;iPhone 8;true
75_3_iphone8_flash.png;iphone8_flash_3.png;75;flash;iPhone 8;true
85_1_iphone8_flash.png;iphone8_flash_1.png;85;flash;iPhone 8;false
85_2_iphone8_flash.png;iphone8_flash_2.png;85;flash;iPhone 8;false
95_2_iphone8_flash.png;iphone8_flash_2.png;95;flash;iPhone 8;false
25_1_iphone8_luz.png;1_iphone8_luz.png;25;luz;iPhone 8;true
25_2_iphone8_luz.png;2_iphone8_luz.png;25;luz;iPhone 8;true
25_3_iphone8_luz.png;3_iphone8_luz.png;25;luz;iPhone 8;true
35_1_iphone8_luz.png;1_iphone8_luz.png;35;luz;iPhone 8;true
35_2_iphone8_luz.png;2_iphone8_luz.png;35;luz;iPhone 8;true
35_3_iphone8_luz.png;3_iphone8_luz.png;35;luz;iPhone 8;true
45_1_iphone8_luz.png;1_iphone8_luz.png;45;luz;iPhone 8;true
45_2_iphone8_luz.png;2_iphone8_luz.png;45;luz;iPhone 8;true
45_3_iphone8_luz.png;3_iphone8_luz.png;45;luz;iPhone 8;true
55_1_iphone8_luz.png;1_iphone8_luz.png;55;luz;iPhone 8;true
55_2_iphone8_luz.png;2_iphone8_luz.png;55;luz;iPhone 8;true
55_3_iphone8_luz.png;3_iphone8_luz.png;55;luz;iPhone 8;true
65_1_iphone8_luz.png;1_iphone8_luz.png;65;luz;iPhone 8;true
65_2_iphone8_luz.png;2_iphone8_luz.png;65;luz;iPhone 8;true
65_3_iphone8_luz.png;3_iphone8_luz.png;65;luz;iPhone 8;true
75_1_iphone8_luz.png;1_iphone8_luz.png;75;luz;iPhone 8;true
75_3_iphone8_luz.png;3_iphone8_luz.png;75;luz;iPhone 8;true
85_1_iphone8_luz.png;1_iphone8_luz.png;85;luz;iPhone 8;false
25_1_mi9_flash.png;1_mi9_flash.png;25;flash;mi 9;true
25_2_mi9_flash.png;2_mi9_flash.png;25;flash;mi 9;true
25_3_mi9_flash.png;3_mi9_flash.png;25;flash;mi 9;true
35_1_mi9_flash.png;1_mi9_flash.png;35;flash;mi 9;true
35_2_mi9_flash.png;2_mi9_flash.png;35;flash;mi 9;true
35_3_mi9_flash.png;3_mi9_flash.png;35;flash;mi 9;true
45_1_mi9_flash.png;1_mi9_flash.png;45;flash;mi 9;true
45_2_mi9_flash.png;2_mi9_flash.png;45;flash;mi 9;true
45_3_mi9_flash.png;3_mi9_flash.png;45;flash;mi 9;true
55_1_mi9_flash.png;1_mi9_flash.png;55;flash;mi 9;true
55_2_mi9_flash.png;2_mi9_flash.png;55;flash;mi 9;true
55_3_mi9_flash.png;3_mi9_flash.png;55;flash;mi 9;true
65_1_mi9_flash.png;1_mi9_flash.png;65;flash;mi 9;true
65_2_mi9_flash.png;2_mi9_flash.png;65;flash;mi 9;true
65_3_mi9_flash.png;3_mi9_flash.png;65;flash;mi 9;true
75_1_mi9_flash.png;1_mi9_flash.png;75;flash;mi 9;true
75_2_mi9_flash.png;2_mi9_flash.png;75;flash;mi 9;true
75_3_mi9_flash.png;3_mi9_flash.png;75;flash;mi 9;true
85_1_mi9_flash.png;1_mi9_flash.png;85;flash;mi 9;false
85_2_mi9_flash.png;2_mi9_flash.png;85;flash;mi 9;false
95_2_mi9_flash.png;2_mi9_flash.png;95;flash;mi 9;false
25_1_mi9_luz.png;1_mi9_luz.png;25;luz;mi 9;true
25_2_mi9_luz.png;2_mi9_luz.png;25;luz;mi 9;true
25_3_mi9_luz.png;3_mi9_luz.png;25;luz;mi 9;true
35_1_mi9_luz.png;1_mi9_luz.png;35;luz;mi 9;true
35_2_mi9_luz.png;2_mi9_luz.png;35;luz;mi 9;true
35_3_mi9_luz.png;3_mi9_luz.png;35;luz;mi 9;true
45_1_mi9_luz.png;1_mi9_luz.png;45;luz;mi 9;true
45_2_mi9_luz.png;2_mi9_luz.png;45;luz;mi 9;true
45_3_mi9_luz.png;3_mi9_luz.png;45;luz;mi 9;true
55_1_mi9_luz.png;1_mi9_luz.png;55;luz;mi 9;true
55_2_mi9_luz.png;2_mi9_luz.png;55;luz;mi 9;true
55_3_mi9_luz.png;3_mi9_luz.png;55;luz;mi 9;true
65_1_mi9_luz.png;1_mi9_luz.png;65;luz;mi 9;true
65_2_mi9_luz.png;2_mi9_luz.png;65;luz;mi 9;true
65_3_mi9_luz.png;3_mi9_luz.png;65;luz;mi 9;true
75_1_mi9_luz.png;1_mi9_luz.png;75;luz;mi 9;true
75_2_mi9_luz.png;2_mi9_luz.png;75;luz;mi 9;true
75_3_mi9_luz.png;3_mi9_luz.png;75;luz;mi 9;true
85_1_mi9_luz.png;1_mi9_luz.png;85;luz;mi 9;false
85_2_mi9_luz.png;2_mi9_luz.png;85;luz;mi 9;false
95_2_mi9_luz.png;2_mi9_luz.png;95;luz;mi 9;false
25_1_5a_flash.png;1_5a_flash.png;25;flash;Redmi 5A;true
35_1_5a_flash.png;1_5a_flash.png;35;flash;Redmi 5A;true
45_1_5a_flash.png;1_5a_flash.png;45;flash;Redmi 5A;true
55_1_5a_flash.png;1_5a_flash.png;55;flash;Redmi 5A;true
65_1_5a_flash.png;1_5a_flash.png;65;flash;Redmi 5A;true
75_1_5a_flash.png;1_5a_flash.png;75;flash;Redmi 5A;true
25_1_5a_luz.png;1_5a_luz.png;25;luz;Redmi 5A;true
25_2_5a_luz.png;2_5a_luz.png;25;luz;Redmi 5A;true
35_1_5a_luz.png;1_5a_luz.png;35;luz;Redmi 5A;true
45_1_5a_luz.png;1_5a_luz.png;45;luz;Redmi 5A;true
55_1_5a_luz.png;1_5a_luz.png;55;luz;Redmi 5A;true
65_1_5a_luz.png;1_5a_luz.png;65;luz;Redmi 5A;true
75_1_5a_luz.png;1_5a_luz.png;75;luz;Redmi 5A;true
85_1_5a_luz.png;1_5a_luz.png;85;luz;Redmi 5A;false
25_2_lumix_flash.png;2_lumix_flash.png;25;flash;Lumix;true
25_3_lumix_flash.png;3_lumix_flash.png;25;flash;Lumix;true
35_2_lumix_flash.png;2_lumix_flash.png;35;flash;Lumix;true
35_3_lumix_flash.png;3_lumix_flash.png;35;flash;Lumix;true
45_2_lumix_flash.png;2_lumix_flash.png;45;flash;Lumix;true
45_3_lumix_flash.png;3_lumix_flash.png;45;flash;Lumix;true
55_2_lumix_flash.png;2_lumix_flash.png;55;flash;Lumix;true
55_3_lumix_flash.png;3_lumix_flash.png;55;flash;Lumix;true
65_2_lumix_flash.png;2_lumix_flash.png;65;flash;Lumix;true
65_3_lumix_flash.png;3_lumix_flash.png;65;flash;Lumix;true
75_2_lumix_flash.png;2_lumix_flash.png;75;flash;Lumix;true
75_3_lumix_flash.png;3_lumix_flash.png;75;flash;Lumix;true
85_2_lumix_flash.png;2_lumix_flash.png;85;flash;Lumix;false
95_2_lumix_flash.png;2_lumix_flash.png;95;flash;Lumix;false
25_2_lumix_luz.png;2_lumix_luz.png;25;luz;Lumix;true
25_3_lumix_luz.png;3_lumix_luz.png;25;luz;Lumix;true
35_2_lumix_luz.png;2_lumix_luz.png;35;luz;Lumix;true
35_3_lumix_luz.png;3_lumix_luz.png;35;luz;Lumix;true
45_2_lumix_luz.png;2_lumix_luz.png;45;luz;Lumix;true
45_3_lumix_luz.png;3_lumix_luz.png;45;luz;Lumix;true
55_2_lumix_luz.png;2_lumix_luz.png;55;luz;Lumix;true
55_3_lumix_luz.png;3_lumix_luz.png;55;luz;Lumix;true
65_2_lumix_luz.png;2_lumix_luz.png;65;luz;Lumix;true
65_3_lumix_luz.png;3_lumix_luz.png;65;luz;Lumix;true
75_2_lumix_luz.png;2_lumix_luz.png;75;luz;Lumix;true
75_3_lumix_luz.png;3_lumix_luz.png;75;luz;Lumix;true
85_2_lumix_luz.png;2_lumix_luz.png;85;luz;Lumix;false
95_2_lumix_luz.png;2_lumix_luz.png;95;luz;Lumix;false
25_1_x4_flash.png;1_x4_flash.png;25;flash;Motorola X4;true
35_1_x4_flash.png;1_x4_flash.png;35;flash;Motorola X4;true
45_1_x4_flash.png;1_x4_flash.png;45;flash;Motorola X4;true
55_1_x4_flash.png;1_x4_flash.png;55;flash;Motorola X4;true
65_1_x4_flash.png;1_x4_flash.png;65;flash;Motorola X4;true
75_1_x4_flash.png;1_x4_flash.png;75;flash;Motorola X4;true
85_1_x4_flash.png;1_x4_flash.png;85;flash;Motorola X4;false
25_1_x4_luz.png;1_x4_luz.png;25;luz;Motorola X4;true
35_1_x4_luz.png;1_x4_luz.png;35;luz;Motorola X4;true
45_1_x4_luz.png;1_x4_luz.png;45;luz;Motorola X4;true
55_1_x4_luz.png;1_x4_luz.png;55;luz;Motorola X4;true
65_1_x4_luz.png;1_x4_luz.png;65;luz;Motorola X4;true
75_1_x4_luz.png;1_x4_luz.png;75;luz;Motorola X4;true
85_1_x4_luz.png;1_x4_luz.png;85;luz;Motorola X4;false
25_5A_flash_194449.jpg;25_5A_flash_194434.jpg;25;flash;Redmi 5A;true
25_5A_flash_194505.jpg;25_5A_flash_194434.jpg;25;flash;Redmi 5A;true
25_5A_flash_194524.jpg;25_5A_flash_194434.jpg;25;flash;Redmi 5A;true
25_5A_flash_194543.jpg;25_5A_flash_194434.jpg;25;flash;Redmi 5A;true
25_5A_flash_194603.jpg;25_5A_flash_194434.jpg;25;flash;Redmi 5A;true
35_5A_flash_193923.jpg;35_5A_flash_193904.jpg;35;flash;Redmi 5A;true
35_5A_flash_194036.jpg;35_5A_flash_193904.jpg;35;flash;Redmi 5A;true
35_5A_flash_194052.jpg;35_5A_flash_193904.jpg;35;flash;Redmi 5A;true
35_5A_flash_194108.jpg;35_5A_flash_193904.jpg;35;flash;Redmi 5A;true
35_5A_flash_194219.jpg;35_5A_flash_194202.jpg;35;flash;Redmi 5A;true
35_5A_flash_194240.jpg;35_5A_flash_194202.jpg;35;flash;Redmi 5A;true
35_5A_flash_194302.jpg;35_5A_flash_194202.jpg;35;flash;Redmi 5A;true
35_5A_flash_194319.jpg;35_5A_flash_194202.jpg;35;flash;Redmi 5A;true
35_5A_flash_200850.jpg;35_5A_flash_200832.jpg;35;flash;Redmi 5A;true
35_5A_flash_200916.jpg;35_5A_flash_200832.jpg;35;flash;Redmi 5A;true
35_5A_flash_200938.jpg;35_5A_flash_200832.jpg;35;flash;Redmi 5A;true
35_5A_flash_200956.jpg;35_5A_flash_200832.jpg;35;flash;Redmi 5A;true
45_5A_flash_193716.jpg;45_5A_flash_193633.jpg;45;flash;Redmi 5A;true
45_5A_flash_193734.jpg;45_5A_flash_193633.jpg;45;flash;Redmi 5A;true
45_5A_flash_193754.jpg;45_5A_flash_193633.jpg;45;flash;Redmi 5A;true
45_5A_flash_193816.jpg;45_5A_flash_193633.jpg;45;flash;Redmi 5A;true
45_5A_flash_200626.jpg;45_5A_flash_200613.jpg;45;flash;Redmi 5A;true
45_5A_flash_200641.jpg;45_5A_flash_200613.jpg;45;flash;Redmi 5A;true
45_5A_flash_200659.jpg;45_5A_flash_200613.jpg;45;flash;Redmi 5A;true
45_5A_flash_200715.jpg;45_5A_flash_200613.jpg;45;flash;Redmi 5A;true
55_5A_flash_193209.jpg;55_5A_flash_193157.jpg;55;flash;Redmi 5A;true
55_5A_flash_193226.jpg;55_5A_flash_193157.jpg;55;flash;Redmi 5A;true
55_5A_flash_193246.jpg;55_5A_flash_193157.jpg;55;flash;Redmi 5A;true
55_5A_flash_193303.jpg;55_5A_flash_193157.jpg;55;flash;Redmi 5A;true
55_5A_flash_193433.jpg;55_5A_flash_193423.jpg;55;flash;Redmi 5A;true
55_5A_flash_193451.jpg;55_5A_flash_193423.jpg;55;flash;Redmi 5A;true
55_5A_flash_193510.jpg;55_5A_flash_193423.jpg;55;flash;Redmi 5A;true
65_5A_flash_192428.jpg;65_5A_flash_192342.jpg;65;flash;Redmi 5A;true
65_5A_flash_192443.jpg;65_5A_flash_192342.jpg;65;flash;Redmi 5A;true
65_5A_flash_192508.jpg;65_5A_flash_192342.jpg;65;flash;Redmi 5A;true
65_5A_flash_192524.jpg;65_5A_flash_192342.jpg;65;flash;Redmi 5A;true
65_5A_flash_192645.jpg;65_5A_flash_192630.jpg;65;flash;Redmi 5A;true
65_5A_flash_192705.jpg;65_5A_flash_192630.jpg;65;flash;Redmi 5A;true
65_5A_flash_192726.jpg;65_5A_flash_192630.jpg;65;flash;Redmi 5A;true
65_5A_flash_192748.jpg;65_5A_flash_192630.jpg;65;flash;Redmi 5A;true
65_5A_flash_192852.jpg;65_5A_flash_192834.jpg;65;flash;Redmi 5A;true
65_5A_flash_192910.jpg;65_5A_flash_192834.jpg;65;flash;Redmi 5A;true
65_5A_flash_193015.jpg;65_5A_flash_192834.jpg;65;flash;Redmi 5A;true
65_5A_flash_193054.jpg;65_5A_flash_193034.jpg;65;flash;Redmi 5A;true
75_5A_flash_194712.jpg;75_5A_flash_194700.jpg;75;flash;Redmi 5A;true
75_5A_flash_194744.jpg;75_5A_flash_194700.jpg;75;flash;Redmi 5A;true
75_5A_flash_194809.jpg;75_5A_flash_194700.jpg;75;flash;Redmi 5A;true
75_5A_flash_194832.jpg;75_5A_flash_194700.jpg;75;flash;Redmi 5A;true
75_5A_flash_194848.jpg;75_5A_flash_194700.jpg;75;flash;Redmi 5A;true
75_5A_flash_194905.jpg;75_5A_flash_194700.jpg;75;flash;Redmi 5A;true
75_5A_flash_194931.jpg;75_5A_flash_194700.jpg;75;flash;Redmi 5A;true
25_F_i12_565.JPG;25_F_i12_564.JPG;25;flash;iPhone 12;true
25_F_i12_566.JPG;25_F_i12_564.JPG;25;flash;iPhone 12;true
25_F_i12_567.JPG;25_F_i12_564.JPG;25;flash;iPhone 12;true
25_F_i12_568.JPG;25_F_i12_564.JPG;25;flash;iPhone 12;true
25_F_i12_570.JPG;25_F_i12_569.JPG;25;flash;iPhone 12;true
25_F_i12_571.JPG;25_F_i12_569.JPG;25;flash;iPhone 12;true
25_F_i12_572.JPG;25_F_i12_569.JPG;25;flash;iPhone 12;true
25_L_i12_56.JPG;25_L_i12_50.JPG;25;luz;iPhone 12;true
25_L_i12_57.JPG;25_L_i12_50.JPG;25;luz;iPhone 12;true
25_L_i12_58.JPG;25_L_i12_50.JPG;25;luz;iPhone 12;true
25_L_i12_59.JPG;25_L_i12_50.JPG;25;luz;iPhone 12;true
25_L_i12_73.JPG;25_L_i12_65.JPG;25;luz;iPhone 12;true
25_L_i12_82.JPG;25_L_i12_65.JPG;25;luz;iPhone 12;true
25_L_i12_97.JPG;25_L_i12_65.JPG;25;luz;iPhone 12;true
25_L_i12_102.JPG;25_L_i12_65.JPG;25;luz;iPhone 12;true
35_F_i12_556.JPG;35_F_i12_555.JPG;35;flash;iPhone 12;true
35_F_i12_557.JPG;35_F_i12_555.JPG;35;flash;iPhone 12;true
35_F_i12_558.JPG;35_F_i12_555.JPG;35;flash;iPhone 12;true
35_F_i12_560.JPG;35_F_i12_559.JPG;35;flash;iPhone 12;true
35_F_i12_561.JPG;35_F_i12_559.JPG;35;flash;iPhone 12;true
35_F_i12_562.JPG;35_F_i12_559.JPG;35;flash;iPhone 12;true
35_F_i12_563.JPG;35_F_i12_559.JPG;35;flash;iPhone 12;true
35_L_i12_123.JPG;35_L_i12_117.JPG;35;luz;iPhone 12;true
35_L_i12_135.JPG;35_L_i12_117.JPG;35;luz;iPhone 12;true
35_L_i12_143.JPG;35_L_i12_117.JPG;35;luz;iPhone 12;true
35_L_i12_165.JPG;35_L_i12_155.JPG;35;luz;iPhone 12;true
35_L_i12_172.JPG;35_L_i12_155.JPG;35;luz;iPhone 12;true
35_L_i12_186.JPG;35_L_i12_155.JPG;35;luz;iPhone 12;true
35_L_i12_194.JPG;35_L_i12_155.JPG;35;luz;iPhone 12;true
45_F_i12_551.JPG;45_F_i12_550.JPG;45;flash;iPhone 12;true
45_F_i12_552.JPG;45_F_i12_550.JPG;45;flash;iPhone 12;true
45_F_i12_553.JPG;45_F_i12_550.JPG;45;flash;iPhone 12;true
45_F_i12_554.JPG;45_F_i12_550.JPG;45;flash;iPhone 12;true
45_L_i12_214.JPG;45_L_i12_206.JPG;45;luz;iPhone 12;true
45_L_i12_225.JPG;45_L_i12_206.JPG;45;luz;iPhone 12;true
45_L_i12_232.JPG;45_L_i12_206.JPG;45;luz;iPhone 12;true
45_L_i12_254.JPG;45_L_i12_246.JPG;45;luz;iPhone 12;true
45_L_i12_264.JPG;45_L_i12_246.JPG;45;luz;iPhone 12;true
45_L_i12_272.JPG;45_L_i12_246.JPG;45;luz;iPhone 12;true
45_L_i12_284.JPG;45_L_i12_246.JPG;45;luz;iPhone 12;true
55_F_i12_546.JPG;55_F_i12_545.JPG;55;flash;iPhone 12;true
55_F_i12_547.JPG;55_F_i12_545.JPG;55;flash;iPhone 12;true
55_F_i12_548.JPG;55_F_i12_545.JPG;55;flash;iPhone 12;true
55_F_i12_549.JPG;55_F_i12_545.JPG;55;flash;iPhone 12;true
55_L_i12_304.JPG;55_L_i12_294.JPG;55;luz;iPhone 12;true
55_L_i12_314.JPG;55_L_i12_294.JPG;55;luz;iPhone 12;true
55_L_i12_326.JPG;55_L_i12_294.JPG;55;luz;iPhone 12;true
55_L_i12_346.JPG;55_L_i12_333.JPG;55;luz;iPhone 12;true
55_L_i12_354.JPG;55_L_i12_333.JPG;55;luz;iPhone 12;true
55_L_i12_363.JPG;55_L_i12_333.JPG;55;luz;iPhone 12;true
55_L_i12_375.JPG;55_L_i12_333.JPG;55;luz;iPhone 12;true
55_L_i12_382.JPG;55_L_i12_333.JPG;55;luz;iPhone 12;true
65_F_i12_536.JPG;65_F_i12_535.JPG;65;flash;iPhone 12;true
65_F_i12_537.JPG;65_F_i12_535.JPG;65;flash;iPhone 12;true
65_F_i12_538.JPG;65_F_i12_535.JPG;65;flash;iPhone 12;true
65_F_i12_540.JPG;65_F_i12_539.JPG;65;flash;iPhone 12;true
65_F_i12_541.JPG;65_F_i12_539.JPG;65;flash;iPhone 12;true
65_F_i12_542.JPG;65_F_i12_539.JPG;65;flash;iPhone 12;true
65_F_i12_543.JPG;65_F_i12_539.JPG;65;flash;iPhone 12;true
65_F_i12_544.JPG;65_F_i12_539.JPG;65;flash;iPhone 12;true
65_L_i12_403.JPG;65_L_i12_395.JPG;65;luz;iPhone 12;true
65_L_i12_415.JPG;65_L_i12_395.JPG;65;luz;iPhone 12;true
65_L_i12_426.JPG;65_L_i12_395.JPG;65;luz;iPhone 12;true
65_L_i12_437.JPG;65_L_i12_395.JPG;65;luz;iPhone 12;true
65_L_i12_456.JPG;65_L_i12_447.JPG;65;luz;iPhone 12;true
65_L_i12_463.JPG;65_L_i12_447.JPG;65;luz;iPhone 12;true
65_L_i12_475.JPG;65_L_i12_447.JPG;65;luz;iPhone 12;true
75_F_i12_531.JPG;75_F_i12_530.JPG;75;flash;iPhone 12;true
75_F_i12_532.JPG;75_F_i12_530.JPG;75;flash;iPhone 12;true
75_F_i12_533.JPG;75_F_i12_530.JPG;75;flash;iPhone 12;true
75_F_i12_534.JPG;75_F_i12_530.JPG;75;flash;iPhone 12;true
75_L_i12_496.JPG;75_L_i12_483.JPG;75;luz;iPhone 12;true
75_L_i12_507.JPG;75_L_i12_483.JPG;75;luz;iPhone 12;true
75_L_i12_517.JPG;75_L_i12_483.JPG;75;luz;iPhone 12;true
75_L_i12_525.JPG;75_L_i12_483.JPG;75;luz;iPhone 12;true
25_L_A72_122848.jpg;25_L_A72_122822.jpg;25;luz;Galaxy A72;true
25_L_A72_122904.jpg;25_L_A72_122822.jpg;25;luz;Galaxy A72;true
25_L_A72_122921.jpg;25_L_A72_122822.jpg;25;luz;Galaxy A72;true
25_L_A72_122938.jpg;25_L_A72_122822.jpg;25;luz;Galaxy A72;true
25_L_A72_123008.jpg;25_L_A72_122822.jpg;25;luz;Galaxy A72;true
25_L_A72_123057.jpg;25_L_A72_123029.jpg;25;luz;Galaxy A72;true
25_L_A72_123151.jpg;25_L_A72_123029.jpg;25;luz;Galaxy A72;true
25_L_A72_123212.jpg;25_L_A72_123029.jpg;25;luz;Galaxy A72;true
25_L_A72_123232.jpg;25_L_A72_123029.jpg;25;luz;Galaxy A72;true
25_L_A72_123256.jpg;25_L_A72_123029.jpg;25;luz;Galaxy A72;true
25_L_A72_123317.jpg;25_L_A72_123029.jpg;25;luz;Galaxy A72;true
25_L_A72_123331.jpg;25_L_A72_123029.jpg;25;luz;Galaxy A72;true
25_L_A72_123349.jpg;25_L_A72_123029.jpg;25;luz;Galaxy A72;true
35_L_A72_123541.jpg;35_L_A72_123514.jpg;35;luz;Galaxy A72;true
35_L_A72_123555.jpg;35_L_A72_123514.jpg;35;luz;Galaxy A72;true
35_L_A72_123608.jpg;35_L_A72_123514.jpg;35;luz;Galaxy A72;true
35_L_A72_123622.jpg;35_L_A72_123514.jpg;35;luz;Galaxy A72;true
35_L_A72_123637.jpg;35_L_A72_123514.jpg;35;luz;Galaxy A72;true
35_L_A72_123722.jpg;35_L_A72_123712.jpg;35;luz;Galaxy A72;true
35_L_A72_123736.jpg;35_L_A72_123712.jpg;35;luz;Galaxy A72;true
35_L_A72_123751.jpg;35_L_A72_123712.jpg;35;luz;Galaxy A72;true
35_L_A72_123806.jpg;35_L_A72_123712.jpg;35;luz;Galaxy A72;true
35_L_A72_123821.jpg;35_L_A72_123712.jpg;35;luz;Galaxy A72;true
35_L_A72_123835.jpg;35_L_A72_123712.jpg;35;luz;Galaxy A72;true
45_L_A72_123951.jpg;45_L_A72_123929.jpg;45;luz;Galaxy A72;true
45_L_A72_123959.jpg;45_L_A72_123929.jpg;45;luz;Galaxy A72;true
45_L_A72_124013.jpg;45_L_A72_123929.jpg;45;luz;Galaxy A72;true
45_L_A72_124032.jpg;45_L_A72_123929.jpg;45;luz;Galaxy A72;true
45_L_A72_124049.jpg;45_L_A72_123929.jpg;45;luz;Galaxy A72;true
45_L_A72_124109.jpg;45_L_A72_123929.jpg;45;luz;Galaxy A72;true
45_L_A72_124124.jpg;45_L_A72_123929.jpg;45;luz;Galaxy A72;true
45_L_A72_124136.jpg;45_L_A72_123929.jpg;45;luz;Galaxy A72;true
45_L_A72_124148.jpg;45_L_A72_123929.jpg;45;luz;Galaxy A72;true
45_L_A72_124204.jpg;45_L_A72_123929.jpg;45;luz;Galaxy A72;true
55_L_A72_124322.jpg;55_L_A72_124301.jpg;55;luz;Galaxy A72;true
55_L_A72_124333.jpg;55_L_A72_124301.jpg;55;luz;Galaxy A72;true
55_L_A72_124344.jpg;55_L_A72_124301.jpg;55;luz;Galaxy A72;true
55_L_A72_124356.jpg;55_L_A72_124301.jpg;55;luz;Galaxy A72;true
55_L_A72_124408.jpg;55_L_A72_124301.jpg;55;luz;Galaxy A72;true
55_L_A72_124422.jpg;55_L_A72_124301.jpg;55;luz;Galaxy A72;true
55_L_A72_124436.jpg;55_L_A72_124301.jpg;55;luz;Galaxy A72;true
55_L_A72_124449.jpg;55_L_A72_124301.jpg;55;luz;Galaxy A72;true
55_L_A72_124501.jpg;55_L_A72_124301.jpg;55;luz;Galaxy A72;true
65_L_A72_124628.jpg;65_L_A72_124542.jpg;65;luz;Galaxy A72;true
65_L_A72_124639.jpg;65_L_A72_124542.jpg;65;luz;Galaxy A72;true
65_L_A72_124655.jpg;65_L_A72_124542.jpg;65;luz;Galaxy A72;true
65_L_A72_124715.jpg;65_L_A72_124542.jpg;65;luz;Galaxy A72;true
65_L_A72_124732.jpg;65_L_A72_124542.jpg;65;luz;Galaxy A72;true
65_L_A72_124746.jpg;65_L_A72_124542.jpg;65;luz;Galaxy A72;true
65_L_A72_124805.jpg;65_L_A72_124542.jpg;65;luz;Galaxy A72;true
65_L_A72_124901.jpg;65_L_A72_124542.jpg;65;luz;Galaxy A72;true
65_L_A72_124914.jpg;65_L_A72_124542.jpg;65;luz;Galaxy A72;true
65_L_A72_124930.jpg;65_L_A72_124542.jpg;65;luz;Galaxy A72;true
65_L_A72_124942.jpg;65_L_A72_125101.jpg;65;luz;Galaxy A72;true
65_L_A72_125111.jpg;65_L_A72_125101.jpg;65;luz;Galaxy A72;true
65_L_A72_125121.jpg;65_L_A72_125101.jpg;65;luz;Galaxy A72;true
65_L_A72_125135.jpg;65_L_A72_125101.jpg;65;luz;Galaxy A72;true
65_L_A72_125149.jpg;65_L_A72_125101.jpg;65;luz;Galaxy A72;true
65_L_A72_125203.jpg;65_L_A72_125101.jpg;65;luz;Galaxy A72;true
65_L_A72_125230.jpg;65_L_A72_125101.jpg;65;luz;Galaxy A72;true
65_L_A72_125245.jpg;65_L_A72_125101.jpg;65;luz;Galaxy A72;true
65_L_A72_125304.jpg;65_L_A72_125101.jpg;65;luz;Galaxy A72;true
65_L_A72_125325.jpg;65_L_A72_125101.jpg;65;luz;Galaxy A72;true
65_L_A72_125339.jpg;65_L_A72_125101.jpg;65;luz;Galaxy A72;true
65_L_A72_125358.jpg;65_L_A72_125101.jpg;65;luz;Galaxy A72;true
65_L_A72_125412.jpg;65_L_A72_125101.jpg;65;luz;Galaxy A72;true
65_L_A72_125425.jpg;65_L_A72_125101.jpg;75;luz;Galaxy A72;true
75_L_A72_125550.jpg;75_L_A72_125537.jpg;75;luz;Galaxy A72;true
75_L_A72_125601.jpg;75_L_A72_125537.jpg;75;luz;Galaxy A72;true
75_L_A72_125615.jpg;75_L_A72_125537.jpg;75;luz;Galaxy A72;true
75_L_A72_125628.jpg;75_L_A72_125537.jpg;75;luz;Galaxy A72;true
75_L_A72_125640.jpg;75_L_A72_125537.jpg;75;luz;Galaxy A72;true
75_L_A72_125653.jpg;75_L_A72_125537.jpg;75;luz;Galaxy A72;true
75_L_A72_125704.jpg;75_L_A72_125537.jpg;75;luz;Galaxy A72;true
75_L_A72_125716.jpg;75_L_A72_125537.jpg;75;luz;Galaxy A72;true
75_L_A72_125731.jpg;75_L_A72_125537.jpg;75;luz;Galaxy A72;true
75_L_A72_125743.jpg;75_L_A72_125537.jpg;75;luz;Galaxy A72;true
75_L_A72_125910.jpg;75_L_A72_125537.jpg;75;luz;Galaxy A72;true
75_L_A72_125951.jpg;75_L_A72_125537.jpg;75;luz;Galaxy A72;true
25_L_i11_2948.JPG;25_L_i11_2964.JPG;25;luz;iPhone 11;true
25_L_i11_2955.JPG;25_L_i11_2964.JPG;25;luz;iPhone 11;true
25_L_i11_2977.JPG;25_L_i11_2964.JPG;25;luz;iPhone 11;true
25_L_i11_2986.JPG;25_L_i11_2964.JPG;25;luz;iPhone 11;true
25_L_i11_2999.JPG;25_L_i11_2964.JPG;25;luz;iPhone 11;true
25_L_i11_3009.JPG;25_L_i11_2964.JPG;25;luz;iPhone 11;true
25_L_i11_3018.JPG;25_L_i11_2964.JPG;25;luz;iPhone 11;true
25_L_i11_3027.JPG;25_L_i11_2964.JPG;25;luz;iPhone 11;true
25_L_i11_3039.JPG;25_L_i11_2964.JPG;25;luz;iPhone 11;true
25_L_i11_3058.JPG;25_L_i11_3045.JPG;25;luz;iPhone 11;true
25_L_i11_3065.JPG;25_L_i11_3045.JPG;25;luz;iPhone 11;true
25_L_i11_3076.JPG;25_L_i11_3045.JPG;25;luz;iPhone 11;true
25_L_i11_3087.JPG;25_L_i11_3045.JPG;25;luz;iPhone 11;true
25_L_i11_3094.JPG;25_L_i11_3045.JPG;25;luz;iPhone 11;true
25_L_i11_3109.JPG;25_L_i11_3045.JPG;25;luz;iPhone 11;true
25_L_i11_3115.JPG;25_L_i11_3045.JPG;25;luz;iPhone 11;true
35_L_i11_3138.JPG;35_L_i11_3126.JPG;35;luz;iPhone 11;true
35_L_i11_3149.JPG;35_L_i11_3126.JPG;35;luz;iPhone 11;true
35_L_i11_3157.JPG;35_L_i11_3126.JPG;35;luz;iPhone 11;true
35_L_i11_3164.JPG;35_L_i11_3126.JPG;35;luz;iPhone 11;true
35_L_i11_3178.JPG;35_L_i11_3126.JPG;35;luz;iPhone 11;true
35_L_i11_3186.JPG;35_L_i11_3126.JPG;35;luz;iPhone 11;true
35_L_i11_3195.JPG;35_L_i11_3126.JPG;35;luz;iPhone 11;true
35_L_i11_3208.JPG;35_L_i11_3126.JPG;35;luz;iPhone 11;true
35_L_i11_3215.JPG;35_L_i11_3126.JPG;35;luz;iPhone 11;true
35_L_i11_3226.JPG;35_L_i11_3126.JPG;35;luz;iPhone 11;true
35_L_i11_3234.JPG;35_L_i11_3126.JPG;35;luz;iPhone 11;true
35_L_i11_3254.JPG;35_L_i11_3247.JPG;35;luz;iPhone 11;true
35_L_i11_3269.JPG;35_L_i11_3247.JPG;35;luz;iPhone 11;true
35_L_i11_3277.JPG;35_L_i11_3247.JPG;35;luz;iPhone 11;true
35_L_i11_3284.JPG;35_L_i11_3247.JPG;35;luz;iPhone 11;true
35_L_i11_3295.JPG;35_L_i11_3247.JPG;35;luz;iPhone 11;true
35_L_i11_3306.JPG;35_L_i11_3247.JPG;35;luz;iPhone 11;true
35_L_i11_3317.JPG;35_L_i11_3247.JPG;35;luz;iPhone 11;true
35_L_i11_3324.JPG;35_L_i11_3247.JPG;35;luz;iPhone 11;true
35_L_i11_3334.JPG;35_L_i11_3247.JPG;35;luz;iPhone 11;true
45_L_i11_3356.JPG;45_L_i11_3344.JPG;45;luz;iPhone 11;true
45_L_i11_3366.JPG;45_L_i11_3344.JPG;45;luz;iPhone 11;true
45_L_i11_3376.JPG;45_L_i11_3344.JPG;45;luz;iPhone 11;true
45_L_i11_3387.JPG;45_L_i11_3344.JPG;45;luz;iPhone 11;true
45_L_i11_3395.JPG;45_L_i11_3344.JPG;45;luz;iPhone 11;true
45_L_i11_3407.JPG;45_L_i11_3344.JPG;45;luz;iPhone 11;true
45_L_i11_3419.JPG;45_L_i11_3344.JPG;45;luz;iPhone 11;true
45_L_i11_3424.JPG;45_L_i11_3344.JPG;45;luz;iPhone 11;true
45_L_i11_3436.JPG;45_L_i11_3344.JPG;45;luz;iPhone 11;true
45_L_i11_3445.JPG;45_L_i11_3344.JPG;45;luz;iPhone 11;true
45_L_i11_3456.JPG;45_L_i11_3344.JPG;45;luz;iPhone 11;true
45_L_i11_3468.JPG;45_L_i11_3344.JPG;45;luz;iPhone 11;true
45_L_i11_3475.JPG;45_L_i11_3344.JPG;45;luz;iPhone 11;true
55_L_i11_3499.JPG;55_L_i11_3489.JPG;55;luz;iPhone 11;true
55_L_i11_3505.JPG;55_L_i11_3489.JPG;55;luz;iPhone 11;true
55_L_i11_3518.JPG;55_L_i11_3489.JPG;55;luz;iPhone 11;true
55_L_i11_3528.JPG;55_L_i11_3489.JPG;55;luz;iPhone 11;true
55_L_i11_3534.JPG;55_L_i11_3489.JPG;55;luz;iPhone 11;true
55_L_i11_3546.JPG;55_L_i11_3489.JPG;55;luz;iPhone 11;true
55_L_i11_3558.JPG;55_L_i11_3489.JPG;55;luz;iPhone 11;true
55_L_i11_3566.JPG;55_L_i11_3489.JPG;55;luz;iPhone 11;true
55_L_i11_3586.JPG;55_L_i11_3576.JPG;55;luz;iPhone 11;true
55_L_i11_3594.JPG;55_L_i11_3576.JPG;55;luz;iPhone 11;true
55_L_i11_3609.JPG;55_L_i11_3576.JPG;55;luz;iPhone 11;true
55_L_i11_3614.JPG;55_L_i11_3576.JPG;55;luz;iPhone 11;true
55_L_i11_3628.JPG;55_L_i11_3576.JPG;55;luz;iPhone 11;true
55_L_i11_3637.JPG;55_L_i11_3576.JPG;55;luz;iPhone 11;true
55_L_i11_3647.JPG;55_L_i11_3576.JPG;55;luz;iPhone 11;true
55_L_i11_3654.JPG;55_L_i11_3576.JPG;55;luz;iPhone 11;true
55_L_i11_3667.JPG;55_L_i11_3576.JPG;55;luz;iPhone 11;true
55_L_i11_3679.JPG;55_L_i11_3576.JPG;55;luz;iPhone 11;true
55_L_i11_3684.JPG;55_L_i11_3576.JPG;55;luz;iPhone 11;true
55_L_i11_3695.JPG;55_L_i11_3576.JPG;55;luz;iPhone 11;true
55_L_i11_3706.JPG;55_L_i11_3576.JPG;55;luz;iPhone 11;true
55_L_i11_3719.JPG;55_L_i11_3576.JPG;55;luz;iPhone 11;true
55_L_i11_3724.JPG;55_L_i11_3576.JPG;55;luz;iPhone 11;true
55_L_i11_3739.JPG;55_L_i11_3576.JPG;55;luz;iPhone 11;true
55_L_i11_3747.JPG;55_L_i11_3576.JPG;55;luz;iPhone 11;true
55_L_i11_3756.JPG;55_L_i11_3576.JPG;55;luz;iPhone 11;true
55_L_i11_3764.JPG;55_L_i11_3576.JPG;55;luz;iPhone 11;true
55_L_i11_3779.JPG;55_L_i11_3576.JPG;55;luz;iPhone 11;true
55_L_i11_3785.JPG;55_L_i11_3576.JPG;55;luz;iPhone 11;true
65_L_i11_3888.JPG;65_L_i11_3875.JPG;65;luz;iPhone 11;true
65_L_i11_3895.JPG;65_L_i11_3875.JPG;65;luz;iPhone 11;true
65_L_i11_3906.JPG;65_L_i11_3875.JPG;65;luz;iPhone 11;true
65_L_i11_3916.JPG;65_L_i11_3875.JPG;65;luz;iPhone 11;true
65_L_i11_3927.JPG;65_L_i11_3875.JPG;65;luz;iPhone 11;true
65_L_i11_3938.JPG;65_L_i11_3875.JPG;65;luz;iPhone 11;true
65_L_i11_3949.JPG;65_L_i11_3875.JPG;65;luz;iPhone 11;true
65_L_i11_3958.JPG;65_L_i11_3875.JPG;65;luz;iPhone 11;true
65_L_i11_3967.JPG;65_L_i11_3875.JPG;65;luz;iPhone 11;true
65_L_i11_3977.JPG;65_L_i11_3875.JPG;65;luz;iPhone 11;true
65_L_i11_3990.JPG;65_L_i11_3875.JPG;65;luz;iPhone 11;true
65_L_i11_3995.JPG;65_L_i11_3875.JPG;65;luz;iPhone 11;true
65_L_i11_4006.JPG;65_L_i11_3875.JPG;65;luz;iPhone 11;true
65_L_i11_4021.JPG;65_L_i11_3875.JPG;65;luz;iPhone 11;true
65_L_i11_4027.JPG;65_L_i11_3875.JPG;65;luz;iPhone 11;true
65_L_i11_4038.JPG;65_L_i11_3875.JPG;65;luz;iPhone 11;true
65_L_i11_4048.JPG;65_L_i11_3875.JPG;65;luz;iPhone 11;true
65_L_i11_4057.JPG;65_L_i11_3875.JPG;65;luz;iPhone 11;true
65_L_i11_4071.JPG;65_L_i11_3875.JPG;65;luz;iPhone 11;true
65_L_i11_4077.JPG;65_L_i11_3875.JPG;65;luz;iPhone 11;true
65_L_i11_4098.JPG;65_L_i11_4091.JPG;65;luz;iPhone 11;true
65_L_i11_4110.JPG;65_L_i11_4091.JPG;65;luz;iPhone 11;true
65_L_i11_4119.JPG;65_L_i11_4091.JPG;65;luz;iPhone 11;true
65_L_i11_4127.JPG;65_L_i11_4091.JPG;65;luz;iPhone 11;true
65_L_i11_4141.JPG;65_L_i11_4091.JPG;65;luz;iPhone 11;true
65_L_i11_4150.JPG;65_L_i11_4091.JPG;65;luz;iPhone 11;true
65_L_i11_4156.JPG;65_L_i11_4091.JPG;65;luz;iPhone 11;true
65_L_i11_4166.JPG;65_L_i11_4091.JPG;65;luz;iPhone 11;true
65_L_i11_4178.JPG;65_L_i11_4091.JPG;65;luz;iPhone 11;true
65_L_i11_4187.JPG;65_L_i11_4091.JPG;65;luz;iPhone 11;true
65_L_i11_4198.JPG;65_L_i11_4091.JPG;65;luz;iPhone 11;true
65_L_i11_4209.JPG;65_L_i11_4091.JPG;65;luz;iPhone 11;true
65_L_i11_4219.JPG;65_L_i11_4091.JPG;65;luz;iPhone 11;true
65_L_i11_4231.JPG;65_L_i11_4091.JPG;65;luz;iPhone 11;true
75_L_i11_4250.JPG;75_L_i11_4236.JPG;75;luz;iPhone 11;true
75_L_i11_4257.JPG;75_L_i11_4236.JPG;75;luz;iPhone 11;true
75_L_i11_4267.JPG;75_L_i11_4236.JPG;75;luz;iPhone 11;true
75_L_i11_4278.JPG;75_L_i11_4236.JPG;75;luz;iPhone 11;true
75_L_i11_4287.JPG;75_L_i11_4236.JPG;75;luz;iPhone 11;true
75_L_i11_4300.JPG;75_L_i11_4236.JPG;75;luz;iPhone 11;true
75_L_i11_4306.JPG;75_L_i11_4236.JPG;75;luz;iPhone 11;true
75_L_i11_4317.JPG;75_L_i11_4236.JPG;75;luz;iPhone 11;true
75_L_i11_4329.JPG;75_L_i11_4236.JPG;75;luz;iPhone 11;true
75_L_i11_4340.JPG;75_L_i11_4236.JPG;75;luz;iPhone 11;true
75_L_i11_4346.JPG;75_L_i11_4236.JPG;75;luz;iPhone 11;true
75_L_i11_4356.JPG;75_L_i11_4236.JPG;75;luz;iPhone 11;true
75_L_i11_4371.JPG;75_L_i11_4236.JPG;75;luz;iPhone 11;true
75_L_i11_4380.JPG;75_L_i11_4236.JPG;75;luz;iPhone 11;true
75_L_i11_4388.JPG;75_L_i11_4236.JPG;75;luz;iPhone 11;true
75_L_i11_4396.JPG;75_L_i11_4236.JPG;75;luz;iPhone 11;true
75_L_i11_4411.JPG;75_L_i11_4236.JPG;75;luz;iPhone 11;true
75_L_i11_4417.JPG;75_L_i11_4236.JPG;75;luz;iPhone 11;true
25_F_i11_4542.jpeg;25_F_i11_4541.jpeg;25;flash;iPhone 11;true
25_F_i11_4543.jpeg;25_F_i11_4541.jpeg;25;flash;iPhone 11;true
25_F_i11_4544.jpeg;25_F_i11_4541.jpeg;25;flash;iPhone 11;true
25_F_i11_4545.jpeg;25_F_i11_4541.jpeg;25;flash;iPhone 11;true
25_F_i11_4546.jpeg;25_F_i11_4541.jpeg;25;flash;iPhone 11;true
25_F_i11_4547.jpeg;25_F_i11_4541.jpeg;25;flash;iPhone 11;true
25_F_i11_4548.jpeg;25_F_i11_4541.jpeg;25;flash;iPhone 11;true
25_F_i11_4549.jpeg;25_F_i11_4541.jpeg;25;flash;iPhone 11;true
25_F_i11_4550.jpeg;25_F_i11_4541.jpeg;25;flash;iPhone 11;true
25_F_i11_4551.jpeg;25_F_i11_4541.jpeg;25;flash;iPhone 11;true
25_F_i11_4552.jpeg;25_F_i11_4541.jpeg;25;flash;iPhone 11;true
25_F_i11_4553.jpeg;25_F_i11_4541.jpeg;25;flash;iPhone 11;true
25_F_i11_4554.jpeg;25_F_i11_4541.jpeg;25;flash;iPhone 11;true
25_F_i11_4555.jpeg;25_F_i11_4541.jpeg;25;flash;iPhone 11;true
25_F_i11_4556.jpeg;25_F_i11_4541.jpeg;25;flash;iPhone 11;true
25_F_i11_4557.jpeg;25_F_i11_4541.jpeg;25;flash;iPhone 11;true
25_F_i11_4558.jpeg;25_F_i11_4541.jpeg;25;flash;iPhone 11;true
25_F_i11_4559.jpeg;25_F_i11_4541.jpeg;25;flash;iPhone 11;true
25_F_i11_4560.jpeg;25_F_i11_4541.jpeg;25;flash;iPhone 11;true
25_F_i11_4561.jpeg;25_F_i11_4541.jpeg;25;flash;iPhone 11;true
25_F_i11_4562.jpeg;25_F_i11_4541.jpeg;25;flash;iPhone 11;true
25_F_i11_4563.jpeg;25_F_i11_4541.jpeg;25;flash;iPhone 11;true
25_F_i11_4564.jpeg;25_F_i11_4541.jpeg;25;flash;iPhone 11;true
25_F_i11_4565.jpeg;25_F_i11_4541.jpeg;25;flash;iPhone 11;true
35_F_i11_4514.jpeg;35_F_i11_4513.jpeg;35;flash;iPhone 11;true
35_F_i11_4515.jpeg;35_F_i11_4513.jpeg;35;flash;iPhone 11;true
35_F_i11_4516.jpeg;35_F_i11_4513.jpeg;35;flash;iPhone 11;true
35_F_i11_4517.jpeg;35_F_i11_4513.jpeg;35;flash;iPhone 11;true
35_F_i11_4518.jpeg;35_F_i11_4513.jpeg;35;flash;iPhone 11;true
35_F_i11_4519.jpeg;35_F_i11_4513.jpeg;35;flash;iPhone 11;true
35_F_i11_4520.jpeg;35_F_i11_4513.jpeg;35;flash;iPhone 11;true
35_F_i11_4521.jpeg;35_F_i11_4513.jpeg;35;flash;iPhone 11;true
35_F_i11_4522.jpeg;35_F_i11_4513.jpeg;35;flash;iPhone 11;true
35_F_i11_4523.jpeg;35_F_i11_4513.jpeg;35;flash;iPhone 11;true
35_F_i11_4524.jpeg;35_F_i11_4513.jpeg;35;flash;iPhone 11;true
35_F_i11_4526.jpeg;35_F_i11_4525.jpeg;35;flash;iPhone 11;true
35_F_i11_4527.jpeg;35_F_i11_4525.jpeg;35;flash;iPhone 11;true
35_F_i11_4528.jpeg;35_F_i11_4525.jpeg;35;flash;iPhone 11;true
35_F_i11_4529.jpeg;35_F_i11_4525.jpeg;35;flash;iPhone 11;true
35_F_i11_4530.jpeg;35_F_i11_4525.jpeg;35;flash;iPhone 11;true
35_F_i11_4531.jpeg;35_F_i11_4525.jpeg;35;flash;iPhone 11;true
35_F_i11_4532.jpeg;35_F_i11_4525.jpeg;35;flash;iPhone 11;true
35_F_i11_4533.jpeg;35_F_i11_4525.jpeg;35;flash;iPhone 11;true
35_F_i11_4534.jpeg;35_F_i11_4525.jpeg;35;flash;iPhone 11;true
35_F_i11_4535.jpeg;35_F_i11_4525.jpeg;35;flash;iPhone 11;true
35_F_i11_4536.jpeg;35_F_i11_4525.jpeg;35;flash;iPhone 11;true
35_F_i11_4537.jpeg;35_F_i11_4525.jpeg;35;flash;iPhone 11;true
35_F_i11_4538.jpeg;35_F_i11_4525.jpeg;35;flash;iPhone 11;true
35_F_i11_4539.jpeg;35_F_i11_4525.jpeg;35;flash;iPhone 11;true
35_F_i11_4540.jpeg;35_F_i11_4525.jpeg;35;flash;iPhone 11;true
45_F_i11_4501.jpeg;45_F_i11_4500.jpeg;45;flash;iPhone 11;true
45_F_i11_4502.jpeg;45_F_i11_4500.jpeg;45;flash;iPhone 11;true
45_F_i11_4503.jpeg;45_F_i11_4500.jpeg;45;flash;iPhone 11;true
45_F_i11_4504.jpeg;45_F_i11_4500.jpeg;45;flash;iPhone 11;true
45_F_i11_4505.jpeg;45_F_i11_4500.jpeg;45;flash;iPhone 11;true
45_F_i11_4506.jpeg;45_F_i11_4500.jpeg;45;flash;iPhone 11;true
45_F_i11_4507.jpeg;45_F_i11_4500.jpeg;45;flash;iPhone 11;true
45_F_i11_4508.jpeg;45_F_i11_4500.jpeg;45;flash;iPhone 11;true
45_F_i11_4509.jpeg;45_F_i11_4500.jpeg;45;flash;iPhone 11;true
45_F_i11_4510.jpeg;45_F_i11_4500.jpeg;45;flash;iPhone 11;true
45_F_i11_4511.jpeg;45_F_i11_4500.jpeg;45;flash;iPhone 11;true
45_F_i11_4512.jpeg;45_F_i11_4500.jpeg;45;flash;iPhone 11;true
55_F_i11_4480.jpeg;55_F_i11_4479.jpeg;55;flash;iPhone 11;true
55_F_i11_4481.jpeg;55_F_i11_4479.jpeg;55;flash;iPhone 11;true
55_F_i11_4482.jpeg;55_F_i11_4479.jpeg;55;flash;iPhone 11;true
55_F_i11_4483.jpeg;55_F_i11_4479.jpeg;55;flash;iPhone 11;true
55_F_i11_4484.jpeg;55_F_i11_4479.jpeg;55;flash;iPhone 11;true
55_F_i11_4485.jpeg;55_F_i11_4479.jpeg;55;flash;iPhone 11;true
55_F_i11_4486.jpeg;55_F_i11_4479.jpeg;55;flash;iPhone 11;true
55_F_i11_4487.jpeg;55_F_i11_4479.jpeg;55;flash;iPhone 11;true
55_F_i11_4488.jpeg;55_F_i11_4479.jpeg;55;flash;iPhone 11;true
55_F_i11_4489.jpeg;55_F_i11_4479.jpeg;55;flash;iPhone 11;true
55_F_i11_4490.jpeg;55_F_i11_4479.jpeg;55;flash;iPhone 11;true
55_F_i11_4491.jpeg;55_F_i11_4479.jpeg;55;flash;iPhone 11;true
55_F_i11_4492.jpeg;55_F_i11_4479.jpeg;55;flash;iPhone 11;true
55_F_i11_4493.jpeg;55_F_i11_4479.jpeg;55;flash;iPhone 11;true
55_F_i11_4494.jpeg;55_F_i11_4479.jpeg;55;flash;iPhone 11;true
55_F_i11_4495.jpeg;55_F_i11_4479.jpeg;55;flash;iPhone 11;true
55_F_i11_4496.jpeg;55_F_i11_4479.jpeg;55;flash;iPhone 11;true
55_F_i11_4497.jpeg;55_F_i11_4479.jpeg;55;flash;iPhone 11;true
55_F_i11_4498.jpeg;55_F_i11_4479.jpeg;55;flash;iPhone 11;true
55_F_i11_4499.jpeg;55_F_i11_4479.jpeg;55;flash;iPhone 11;true
65_F_i11_4450.jpeg;65_F_i11_4449.jpeg;65;flash;iPhone 11;true
65_F_i11_4451.jpeg;65_F_i11_4449.jpeg;65;flash;iPhone 11;true
65_F_i11_4452.jpeg;65_F_i11_4449.jpeg;65;flash;iPhone 11;true
65_F_i11_4453.jpeg;65_F_i11_4449.jpeg;65;flash;iPhone 11;true
65_F_i11_4454.jpeg;65_F_i11_4449.jpeg;65;flash;iPhone 11;true
65_F_i11_4455.jpeg;65_F_i11_4449.jpeg;65;flash;iPhone 11;true
65_F_i11_4456.jpeg;65_F_i11_4449.jpeg;65;flash;iPhone 11;true
65_F_i11_4457.jpeg;65_F_i11_4449.jpeg;65;flash;iPhone 11;true
65_F_i11_4458.jpeg;65_F_i11_4449.jpeg;65;flash;iPhone 11;true
65_F_i11_4459.jpeg;65_F_i11_4449.jpeg;65;flash;iPhone 11;true
65_F_i11_4460.jpeg;65_F_i11_4449.jpeg;65;flash;iPhone 11;true
65_F_i11_4461.jpeg;65_F_i11_4449.jpeg;65;flash;iPhone 11;true
65_F_i11_4462.jpeg;65_F_i11_4449.jpeg;65;flash;iPhone 11;true
65_F_i11_4463.jpeg;65_F_i11_4449.jpeg;65;flash;iPhone 11;true
65_F_i11_4465.jpeg;65_F_i11_4464.jpeg;65;flash;iPhone 11;true
65_F_i11_4466.jpeg;65_F_i11_4464.jpeg;65;flash;iPhone 11;true
65_F_i11_4467.jpeg;65_F_i11_4464.jpeg;65;flash;iPhone 11;true
65_F_i11_4468.jpeg;65_F_i11_4464.jpeg;65;flash;iPhone 11;true
65_F_i11_4469.jpeg;65_F_i11_4464.jpeg;65;flash;iPhone 11;true
65_F_i11_4470.jpeg;65_F_i11_4464.jpeg;65;flash;iPhone 11;true
65_F_i11_4471.jpeg;65_F_i11_4464.jpeg;65;flash;iPhone 11;true
65_F_i11_4472.jpeg;65_F_i11_4464.jpeg;65;flash;iPhone 11;true
65_F_i11_4473.jpeg;65_F_i11_4464.jpeg;65;flash;iPhone 11;true
65_F_i11_4474.jpeg;65_F_i11_4464.jpeg;65;flash;iPhone 11;true
65_F_i11_4475.jpeg;65_F_i11_4464.jpeg;65;flash;iPhone 11;true
65_F_i11_4476.jpeg;65_F_i11_4464.jpeg;65;flash;iPhone 11;true
65_F_i11_4477.jpeg;65_F_i11_4464.jpeg;65;flash;iPhone 11;true
65_F_i11_4478.jpeg;65_F_i11_4464.jpeg;65;flash;iPhone 11;true
75_F_i11_4435.jpeg;75_F_i11_4434.jpeg;75;flash;iPhone 11;true
75_F_i11_4436.jpeg;75_F_i11_4434.jpeg;75;flash;iPhone 11;true
75_F_i11_4437.jpeg;75_F_i11_4434.jpeg;75;flash;iPhone 11;true
75_F_i11_4438.jpeg;75_F_i11_4434.jpeg;75;flash;iPhone 11;true
75_F_i11_4439.jpeg;75_F_i11_4434.jpeg;75;flash;iPhone 11;true
75_F_i11_4440.jpeg;75_F_i11_4434.jpeg;75;flash;iPhone 11;true
75_F_i11_4441.jpeg;75_F_i11_4434.jpeg;75;flash;iPhone 11;true
75_F_i11_4442.jpeg;75_F_i11_4434.jpeg;75;flash;iPhone 11;true
75_F_i11_4443.jpeg;75_F_i11_4434.jpeg;75;flash;iPhone 11;true
75_F_i11_4444.jpeg;75_F_i11_4434.jpeg;75;flash;iPhone 11;true
75_F_i11_4445.jpeg;75_F_i11_4434.jpeg;75;flash;iPhone 11;true
75_F_i11_4446.jpeg;75_F_i11_4434.jpeg;75;flash;iPhone 11;true
75_F_i11_4447.jpeg;75_F_i11_4434.jpeg;75;flash;iPhone 11;true
75_F_i11_4448.jpeg;75_F_i11_4434.jpeg;75;flash;iPhone 11;true
